{"5": 0.13128380978789922, "4": 0.04685904607753305, "1": 0.04587652380781016, "0": 0.10798222040107085, "2": 0.12215186632943392, "3": 0.022496784365921688}