{"5": 0.24352964975099145, "3": 0.031200013262759813, "2": 0.08220666461839045, "0": 0.06297606907691453, "1": 0.01785885696591716, "4": 0.022194013727893293}