{"5": 0.018483496769130508, "3": 0.006853418072614985, "0": 0.059911515181267666, "4": 0.06215135601314396, "1": 0.00750242542673139, "2": 0.05596795965376568}