{"5": 0.10722354868126421, "3": 0.011338158209035077, "0": 0.059432742292576266, "4": 0.0654910277240642, "1": 0.009718302302836289, "2": 0.015433082477365722}