{"Timestep Collection Time":2.2758790999650955,"_runtime":105,"Timesteps Collected":50012,"Value Function Loss":0.045445118099451065,"Policy Reward":0.009404599552474878,"Cumulative Timesteps":1050144,"_step":20,"_timestamp":1.759192797231345e+09,"Mean KL Divergence":3.90081807684813e-06,"Timestep Consumption Time":2.639650800032541,"Overall Steps per Second":10174.284566964803,"Policy Update Magnitude":0.026235464960336685,"_wandb":{"runtime":105},"Value Function Update Magnitude":0.044623203575611115,"Collected Steps per Second":21974.80525251408,"Total Iteration Time":4.915529899997637,"SB3 Clip Fraction":0,"Policy Entropy":4.498598098754883,"Cumulative Model Updates":58,"PPO Batch Consumption Time":0.6746776103973389}